brand_id,brand_name,brand_type
1000012860,게스,프리미엄샵
100030484,겐조,프리미엄샵
100020072,구찌,프리미엄샵
100025732,끌로에,프리미엄샵
100227256,나르시소,프리미엄샵
100155535,다비도프,프리미엄샵
100208940,돌체앤가바나,프리미엄샵
1000007432,록시땅,프리미엄샵
100283273,르네휘테르,프리미엄샵
100023542,마크제이콥스,프리미엄샵
1000007459,메이크온,프리미엄샵
1000014738,버버리,프리미엄샵
100159709,베라왕,프리미엄샵
100058850,베르사체,프리미엄샵
1000018779,불가리,프리미엄샵
1000025815,살바토레페라가모,프리미엄샵
1000005977,설화수,프리미엄샵
100120160,쏭레브,프리미엄샵
100019529,아가타,프리미엄샵
1000015513,아라미스,프리미엄샵
1000020506,안나수이,프리미엄샵
1000012934,이세이 미야케,프리미엄샵
100251114,이세이미야케,프리미엄샵
1000020490,쟈딕앤볼테르,프리미엄샵
100073566,제이숲,프리미엄샵
1000024690,존바바토스,프리미엄샵
100129430,지미추,프리미엄샵
1000015850,캘빈클라인,프리미엄샵
1000023803,타미힐피거,프리미엄샵
1000012932,토스,프리미엄샵
1000005974,프리메라,프리미엄샵
1000009502,필로소피,프리미엄샵
1000005976,헤라,프리미엄샵
1000025174,DKNY,프리미엄샵
100131709,네이처리퍼블릭,로드샵
100087256,더마토리,로드샵
1000006198,더바디샵,로드샵
1000005963,더샘,로드샵
1000006187,더페이스샵,로드샵
1000018252,라끄베르,로드샵
1000005975,라네즈,로드샵
1000024348,랜드뮤지엄,로드샵
1000009178,러쉬,로드샵
100395551,려,로드샵
100089250,르미엔,로드샵
1000006134,마몽드,로드샵
1000013141,미샤,로드샵
100365162,미쟝센,로드샵
1000005887,바닐라코,로드샵
1000018024,보닌,로드샵
1000017961,비디보브,로드샵
1000018323,비욘드,로드샵
1000018865,수려한,로드샵
1000009563,스와니코코,로드샵
1000009464,스킨푸드,로드샵
1000006820,아리따움,로드샵
1000005980,아이오페,로드샵
1000014269,어퓨,로드샵
1000005932,에뛰드하우스,로드샵
1000006006,에스쁘아,로드샵
1000016945,이자녹스,로드샵
1000005851,잇츠스킨,로드샵
1000018747,케어존,로드샵
1000005999,클럽클리오,로드샵
100311032,토니모리,로드샵
100036746,토니모리_서비스종료,로드샵
1000010947,투쿨포스쿨,로드샵
1000007244,한율,로드샵
100394396,해피바스,로드샵
100015885,힐링버드,로드샵
100275966,BT21_VT,로드샵
1000024221,VDL,로드샵
1000012748,VT COSMETICS,로드샵
100191784,갸스비,드럭스토어
100292112,그라시아,드럭스토어
1000010177,그라펜,드럭스토어
100242383,김정문알로에,드럭스토어
1000009540,나이팅게일,드럭스토어
1000009273,나인위시스,드럭스토어
100181297,네시픽,드럭스토어
100116238,네오젠,드럭스토어
1000009516,네이크업페이스,드럭스토어
100271703,노멀노모어,드럭스토어
100296106,누미스메드,드럭스토어
1000012838,니베아,드럭스토어
100331041,다리야,드럭스토어
100098881,다이안,드럭스토어
100115313,닥터데이즈,드럭스토어
100002790,닥터브로너스,드럭스토어
1000014857,닥터슈라클,드럭스토어
1000023771,닥터원더,드럭스토어
1000007985,닥터자르트,드럭스토어
1000009786,닥터지,드럭스토어
100203624,달리프,드럭스토어
1000018210,더마리프트,드럭스토어
1000006466,더밤,드럭스토어
1000022564,더블유드레스룸,드럭스토어
1000020156,더프트앤도프트,드럭스토어
1000005834,데메테르,드럭스토어
1000011377,데싱디바,드럭스토어
100030904,데자뷰,드럭스토어
1000011649,듀이트리,드럭스토어
1000009315,디알프로그,드럭스토어
100365057,디어패커&닥터패커,드럭스토어
1000012448,라라,드럭스토어
1000020063,라로슈포제,드럭스토어
1000014291,라포티셀,드럭스토어
1000019819,레브론,드럭스토어
100247286,로레알파리,드럭스토어
100116373,로아,드럭스토어
1000006527,루나,드럭스토어
100280542,르뱅나튀렐,드럭스토어
1000019180,리더스코스메틱,드럭스토어
1000009438,리리코스마린에너지,드럭스토어
1000013176,리얼베리어,드럭스토어
1000021565,리엔,드럭스토어
100327121,리피,드럭스토어
1000016817,릴리바이레드,드럭스토어
100293351,마데카21,드럭스토어
1000024963,마쉐리,드럭스토어
1000018209,마케리마케,드럭스토어
1000011342,메디힐,드럭스토어
100271740,메이블린 뉴욕,드럭스토어
1000015283,메이크프렘,드럭스토어
100348649,멕리듬,드럭스토어
1000019205,무궁화,드럭스토어
100202355,미쉘메르시에,드럭스토어
100356858,미팩토리,드럭스토어
1000014054,미프,드럭스토어
1000025264,바나브,드럭스토어
1000014407,바이빠세,드럭스토어
1000007643,바이오더마,드럭스토어
1000017044,바이오오일,드럭스토어
100304638,바티스트,드럭스토어
100153517,버츠비,드럭스토어
1000006755,베리떼,드럭스토어
1000009763,벤튼,드럭스토어
1000007209,부르조아,드럭스토어
1000018635,부케가르니,드럭스토어
1000013642,브라운랩,드럭스토어
1000007811,블리스,드럭스토어
100188959,블리스텍스,드럭스토어
100108151,비쉬,드럭스토어
1000010974,비알티씨,드럭스토어
100296585,비에티,드럭스토어
100309461,비페스타,드럭스토어
100101204,빠이요,드럭스토어
100280964,뿌빠,드럭스토어
100272466,샤워메이트,드럭스토어
1000009595,세븐피엠,드럭스토어
1000017003,세타필,드럭스토어
100121024,센카,드럭스토어
1000008910,셀라피,드럭스토어
100258289,셀러버,드럭스토어
100296750,셀레뷰,드럭스토어
100265507,셀퓨전씨,드럭스토어
100315018,소다산,드럭스토어
1000011730,슈돌츠,드럭스토어
100019589,스웨거,드럭스토어
1000018078,스위스킨,드럭스토어
100302539,스코다,드럭스토어
1000007211,스틸라,드럭스토어
1000014070,시에로 코스메틱,드럭스토어
1000020693,실크테라피,드럭스토어
1000005850,싸이닉,드럭스토어
1000015122,썸바이미,드럭스토어
1000024986,아넷사,드럭스토어
1000009536,아로마티카,드럭스토어
100106606,아벤느,드럭스토어
1000005967,아이소이,드럭스토어
100085319,아임쏘리포마이스킨,드럭스토어
1000006905,아크네스,드럭스토어
100141940,아크웰,드럭스토어
100285307,알크메네,드럭스토어
1000016273,애즈이즈투비,드럭스토어
100369188,앤서나인틴,드럭스토어
100151608,어파티,드럭스토어
1000019963,언파코스메틱,드럭스토어
1000007780,에이지투웨니스,드럭스토어
1000010992,엘라스틴,드럭스토어
1000006266,엘리자베스,드럭스토어
1000007331,엠도씨,드럭스토어
1000013405,엠디스픽,드럭스토어
1000009265,오딧세이,드럭스토어
1000009559,오이보스,드럭스토어
100075786,오제끄,드럭스토어
100084134,오킵스,드럭스토어
1000010348,온더바디,드럭스토어
1000016363,올리세,드럭스토어
1000008533,우드버리,드럭스토어
1000020800,위드샨,드럭스토어
1000014000,유니레버,드럭스토어
100226069,유니클럽,드럭스토어
1000013557,이즈앤트리,드럭스토어
100319467,이지엔,드럭스토어
1000009222,일리윤,드럭스토어
1000005983,입큰,드럭스토어
100321144,자연의벗,드럭스토어
100009190,제너럴세븐,드럭스토어
100244428,제스젭,드럭스토어
1000020228,조성아22,드럭스토어
1000017243,존슨앤존슨,드럭스토어
100054524,존프리다,드럭스토어
100279889,지베르니,드럭스토어
100369193,캐트리스,드럭스토어
1000006529,캔메이크,드럭스토어
100220045,케라시스,드럭스토어
100086788,케이트,드럭스토어
100119665,케이팔레트,드럭스토어
100015382,코스노리,드럭스토어
100278635,코스모폴리탄,드럭스토어
1000009871,코스알엑스,드럭스토어
1000018698,크레모랩,드럭스토어
1000022764,클로란,드럭스토어
1000006112,키스미,드럭스토어
100277383,토피크램,드럭스토어
1000020680,티스,드럭스토어
1000022567,티엔,드럭스토어
100087466,티피오,드럭스토어
1000007484,포인트,드럭스토어
100087535,퓨어포레,드럭스토어
1000007418,피지오겔,드럭스토어
1000006900,하다라보,드럭스토어
100226575,하또무기,드럭스토어
100228716,해서린,드럭스토어
1000013145,헤어플러스,드럭스토어
1000025132,황지수,드럭스토어
100293456,히든랩,드럭스토어
1000017520,히말라야,드럭스토어
1000006581,AHC,드럭스토어
1000006883,BCL,드럭스토어
1000013709,CNP차앤박,드럭스토어
1000012038,CP-1,드럭스토어
100186463,DHC,드럭스토어
1000009029,DTRT,드럭스토어
100262728,femfresh,드럭스토어
100014124,LaF,드럭스토어
100233498,SEP,드럭스토어
100291570,SNP,드럭스토어
1000009124,16브랜드,드럭스토어
1000018217,가와사키,인디브랜드
100122669,갈랑트리,인디브랜드
1000021656,갓스킨,인디브랜드
100012595,게니쉬,인디브랜드
100106524,게리쏭,인디브랜드
100037356,겔라비트,인디브랜드
100280023,고위드,인디브랜드
100236937,고유에,인디브랜드
100196704,과즙마을,인디브랜드
1000018742,구디,인디브랜드
100016081,구떼,인디브랜드
100047522,그라운드플랜,인디브랜드
100179168,그랑셀,인디브랜드
1000010495,그램,인디브랜드
1000009520,그레이멜린,인디브랜드
100141244,그루밍랩,인디브랜드
100029801,그리니프,인디브랜드
1000017986,그린파머시,인디브랜드
100325304,글로시블라썸,인디브랜드
100350769,글로우 몬스터,인디브랜드
100141322,글로우듀,인디브랜드
100214286,글로우라우디,인디브랜드
100076717,글로우베리,인디브랜드
1000010171,글로우스파,인디브랜드
100160188,글로우힐,인디브랜드
100284006,글루어,인디브랜드
100155626,기린화장품,인디브랜드
1000010357,까레넬,인디브랜드
1000009609,꼼므꼼므,인디브랜드
1000020823,꽃,인디브랜드
100013763,꽃마,인디브랜드
1000014408,끌레지오,인디브랜드
100079402,나다,인디브랜드
100077529,나블러스,인디브랜드
1000009612,나블러스_서비스종료,인디브랜드
1000021579,나비끄,인디브랜드
100107905,나스논,인디브랜드
100024685,나어릴때,인디브랜드
100204321,나오미캠벨,인디브랜드
100006734,남치니,인디브랜드
1000009796,낫츠,인디브랜드
100030911,낫포유,인디브랜드
100083809,내추라시베리카,인디브랜드
100195504,내추럴더마 프로젝트,인디브랜드
1000009772,내추럴퍼시픽,인디브랜드
100096503,네이처무아,인디브랜드
100128493,네이처카인드,인디브랜드
1000018437,네일스네일,인디브랜드
100192931,네일윈도우,인디브랜드
100314854,네츄럴리스,인디브랜드
100022250,네츄럴샤인,인디브랜드
100167364,네클라,인디브랜드
1000016313,넬라,인디브랜드
100224304,넬로,인디브랜드
100318925,노멀리스트,인디브랜드
100229773,노시베,인디브랜드
1000017091,노파머스,인디브랜드
100216651,놀스,인디브랜드
1000014757,누니,인디브랜드
100144492,누리숲,인디브랜드
1000014815,누메로,인디브랜드
1000012875,누카,인디브랜드
100252199,누톤,인디브랜드
100234536,뉴젠,인디브랜드
100066779,뉴트로로버츠,인디브랜드
1000025866,니슬,인디브랜드
1000007490,닐스야드,인디브랜드
1000010494,다도센스,인디브랜드
100372131,다안단,인디브랜드
100323044,다이아블랑,인디브랜드
100044119,다이애나젤팁,인디브랜드
100373050,다크니스,인디브랜드
100245096,닥터3,인디브랜드
1000020152,닥터505,인디브랜드
1000011475,닥터뉴엘,인디브랜드
1000021070,닥터닥터,인디브랜드
100319518,닥터드로잉,인디브랜드
100168016,닥터드림,인디브랜드
100012259,닥터레미듀,인디브랜드
1000024820,닥터마이스킨,인디브랜드
100162285,닥터모두,인디브랜드
1000016119,닥터미미,인디브랜드
100206339,닥터방기원,인디브랜드
1000013880,닥터손유나 캣치,인디브랜드
100241322,닥터스키니카,인디브랜드
100095742,닥터시드,인디브랜드
100102634,닥터앤코,인디브랜드
100001307,닥터에이지,인디브랜드
1000014262,닥터엘시아,인디브랜드
1000009795,닥터영,인디브랜드
100188881,닥터오스트레일리아,인디브랜드
100108202,닥터우먼스,인디브랜드
100005267,닥터유앤미,인디브랜드
100281635,닥터제이미랩,인디브랜드
1000012067,닥터코스,인디브랜드
100072425,닥터크노프카,인디브랜드
100019206,닥터클릭,인디브랜드
100053245,닥터탑,인디브랜드
100164843,닥터펩티,인디브랜드
1000017296,닥터포헤어,인디브랜드
100085189,닥터플로라,인디브랜드
100100602,단순생활,인디브랜드
100002853,달바,인디브랜드
100114543,달스킨,인디브랜드
1000013908,달토니,인디브랜드
100019962,댕기머리,인디브랜드
100006988,더래쉬,인디브랜드
100176232,더레드립,인디브랜드
1000013706,더레브,인디브랜드
1000013053,더마셀,인디브랜드
100094185,더마이,인디브랜드
1000024780,더마키즈,인디브랜드
1000010351,더마퓨어클리닉,인디브랜드
100023235,더마필리아,인디브랜드
100158060,더마하우스,인디브랜드
1000024930,더마허브,인디브랜드
1000013770,더메이런,인디브랜드
1000024532,더발림,인디브랜드
100338705,더분,인디브랜드
100030586,더블앤제로,인디브랜드
1000013142,더블유랩,인디브랜드
1000015478,더순수,인디브랜드
100227312,더스킨시리즈,인디브랜드
100293091,더실크크리스탈,인디브랜드
1000010632,더싹,인디브랜드
100222576,더에스유,인디브랜드
100053875,더연,인디브랜드
1000012497,더유핏,인디브랜드
1000017006,더젤,인디브랜드
1000013394,더툴랩,인디브랜드
100169943,더퓨어로터스,인디브랜드
1000009927,더플랜트베이스,인디브랜드
100304722,더하르나이,인디브랜드
100013056,더허브스토리,인디브랜드
100205319,데이멜로우,인디브랜드
1000009945,데이셀,인디브랜드
100149553,데일리스킨,인디브랜드
1000019382,데저트에센스,인디브랜드
1000021057,델라롬,인디브랜드
100009535,도나와,인디브랜드
100348419,도리스,인디브랜드
1000009514,동안백년,인디브랜드
100018133,두피중심,인디브랜드
1000019641,듀랑스,인디브랜드
100025662,드끌레오,인디브랜드
100237758,드레스킨,인디브랜드
1000014622,디바덤,인디브랜드
1000013925,디시즈리얼,인디브랜드
1000022509,디아랑쉬,인디브랜드
100190566,디아론,인디브랜드
100168187,디안컴퍼니,인디브랜드
100064026,디어달리아,인디브랜드
1000021657,디어씨스터,인디브랜드
100190424,디오네,인디브랜드
1000013811,디오넬,인디브랜드
1000022565,디오메르,인디브랜드
100180077,디오사코스메틱,인디브랜드
100217823,디온리원,인디브랜드
100044811,디자이너스,인디브랜드
100121494,디저트테이블,인디브랜드
1000019457,딥오데르,인디브랜드
100027541,딥퍼랑스,인디브랜드
1000015913,땡큐파머,인디브랜드
1000009518,뜨엘,인디브랜드
100001436,라곰,인디브랜드
100026535,라끌랑,인디브랜드
100320894,라노아,인디브랜드
100165782,라니힐,인디브랜드
100034586,라디셀,인디브랜드
100215978,라라랩,인디브랜드
100033292,라라베시,인디브랜드
100175066,라르끄,인디브랜드
100063944,라리타,인디브랜드
100193052,라마린,인디브랜드
1000017059,라뮤즈,인디브랜드
100032800,라보니따,인디브랜드
100132068,라보레,인디브랜드
100057558,라비린,인디브랜드
1000012869,라비오뜨,인디브랜드
100195774,라스텔라,인디브랜드
100167655,라쎄,인디브랜드
100075212,라씨엘르,인디브랜드
100217533,라오메뜨,인디브랜드
1000019877,라온,인디브랜드
1000018227,라운드랩,인디브랜드
100218893,라이크아임파이브,인디브랜드
100004422,라임,인디브랜드
100195375,라입,인디브랜드
1000011666,라클리아,인디브랜드
100062894,라파레1789,인디브랜드
1000012624,라포랩,인디브랜드
100386575,라포뮬,인디브랜드
100176291,랑방,인디브랜드
100151811,랑벨,인디브랜드
100220464,랑뷰,인디브랜드
1000019200,랑스레,인디브랜드
1000025384,랑팔라투르,인디브랜드
1000025202,래쉬톡,인디브랜드
1000009611,래쉬팝,인디브랜드
1000014628,랭키스,인디브랜드
100062451,레꽁쁠레,인디브랜드
1000014469,레디,인디브랜드
100190425,레브쌍,인디브랜드
100012398,레시피,인디브랜드
100359167,레어카인드,인디브랜드
1000025138,레이라니,인디브랜드
1000019600,레이블옴므,인디브랜드
100352450,레이티드그린,인디브랜드
100124124,렛미스킨,인디브랜드
1000006437,로레알파리,인디브랜드
100032953,로로스키니,인디브랜드
1000024707,로로코,인디브랜드
1000020134,로벡틴,인디브랜드
100290179,로보란떼,인디브랜드
100201595,로브로제,인디브랜드
1000016810,로시,인디브랜드
100001806,로쎄앙,인디브랜드
100034614,로얄스킨,인디브랜드
100029991,로얄워터,인디브랜드
100186573,로얄헤나,인디브랜드
100375226,로제트,인디브랜드
1000023152,로픈,인디브랜드
1000011417,로하셀,인디브랜드
100046247,로하스힐,인디브랜드
100141070,로하시스,인디브랜드
1000016782,롬앤,인디브랜드
100077902,루데아,인디브랜드
100283533,루미나,인디브랜드
100017729,루베티,인디브랜드
1000018155,루벨리,인디브랜드
1000018058,루아스,인디브랜드
100188578,루오끼,인디브랜드
100274217,루트리,인디브랜드
1000025567,룩 LUK,인디브랜드
100134313,룰라러브,인디브랜드
100092052,류스파,인디브랜드
100037472,르나드블랑,인디브랜드
100217692,르누베르,인디브랜드
100036572,르바통,인디브랜드
100001688,르퀼라야,인디브랜드
100095285,리더스인솔루션,인디브랜드
1000011581,리르,인디브랜드
100225544,리무브,인디브랜드
100394157,리아진,인디브랜드
1000020535,리얼스킨,인디브랜드
1000025122,리엔케이,인디브랜드
100101910,리클레어,인디브랜드
100110558,리파,인디브랜드
100185535,린든리브즈,인디브랜드
100041301,릴리트리,인디브랜드
100184381,마귀할멈,인디브랜드
1000009578,마녀공장,인디브랜드
1000014457,마더메이드,인디브랜드
1000018418,마렌뷰티,인디브랜드
1000014051,마루빌츠,인디브랜드
1000025306,마르시끄,인디브랜드
100102300,마실,인디브랜드
100006807,마이리얼스킨,인디브랜드
100341903,마이크로셀,인디브랜드
100222414,마티나겝하르트,인디브랜드
100099550,마티스,인디브랜드
100160097,말랑코코,인디브랜드
100217793,매드히피,인디브랜드
1000019750,맥스클리닉,인디브랜드
100376574,맥스팩터,인디브랜드
1000007092,맥퀸뉴욕,인디브랜드
1000017230,맨즈스킨,인디브랜드
100332612,머지,인디브랜드
1000020010,멀블리스,인디브랜드
1000024878,메디션,인디브랜드
1000010368,메디어스,인디브랜드
100106537,메디카티스트,인디브랜드
100079663,메디컬팩토리,인디브랜드
100030729,메디플라워,인디브랜드
100216922,메디픽미,인디브랜드
1000019977,메디필,인디브랜드
100242392,메르셀,인디브랜드
100231674,메르필,인디브랜드
1000023778,메블릭퍼퓸,인디브랜드
1000009534,메소드,인디브랜드
1000007103,메이블린 뉴욕,인디브랜드
100173906,메이시크,인디브랜드
1000018260,메이아일랜드,인디브랜드
1000009519,메이엔,인디브랜드
1000010137,메이크업헬퍼,인디브랜드
100225950,메이크힐,인디브랜드
100024452,메종드라엘,인디브랜드
100097998,메트로놈,인디브랜드
100229536,멜로우포인트,인디브랜드
100046481,모공도둑,인디브랜드
100258105,모데블랑,인디브랜드
100096637,모레모,인디브랜드
100051729,모리채,인디브랜드
100040093,모메이,인디브랜드
100163888,모모쏘우,인디브랜드
100091827,모브쌩,인디브랜드
1000017226,모아밤,인디브랜드
100250553,모아트,인디브랜드
100193809,모엔드,인디브랜드
100374251,모하니,인디브랜드
100046957,몬스터네일즈,인디브랜드
100216765,몬스터랩,인디브랜드
100098567,몬스터팩토리,인디브랜드
100238724,무슈제이,인디브랜드
100002677,무스투스,인디브랜드
100057562,무싸이,인디브랜드
100194522,무이벨라,인디브랜드
1000012631,무칸,인디브랜드
1000006609,문샷,인디브랜드
1000019142,뮤러쉬,인디브랜드
100258677,뮤스템,인디브랜드
100117561,뮤즈베라,인디브랜드
1000015302,미가비,인디브랜드
1000009986,미구하라,인디브랜드
100338781,미네스트,인디브랜드
100120648,미래일기,인디브랜드
1000014472,미미로린스,인디브랜드
100269055,미바,인디브랜드
100001351,미보노,인디브랜드
100130475,미브린,인디브랜드
1000015123,미소리,인디브랜드
1000013178,미슈블루밍,인디브랜드
100017731,미스레그,인디브랜드
100223420,미스미즈,인디브랜드
100013818,미스코,인디브랜드
100056664,미와수,인디브랜드
100228758,미와지,인디브랜드
100091702,미플,인디브랜드
100138592,미황후,인디브랜드
100240403,밀리마쥬,인디브랜드
100245143,밀크바오밥,인디브랜드
1000011907,밀키드레스,인디브랜드
100268541,바게지,인디브랜드
1000019972,바나다코스메틱,인디브랜드
100087110,바니루니,인디브랜드
100013153,바디럭셔리,인디브랜드
1000011343,바디판타지,인디브랜드
100007303,바디허벌즈,인디브랜드
100125375,바랑소리,인디브랜드
100162490,바렌,인디브랜드
100048959,바루랩,인디브랜드
1000012835,바르시오,인디브랜드
1000017845,바바로스,인디브랜드
100094913,바바코코,인디브랜드
1000019604,바버,인디브랜드
100006831,바비,인디브랜드
100107904,바스참,인디브랜드
1000022598,바유,인디브랜드
100222695,바이비드,인디브랜드
100283350,바이오레시피,인디브랜드
100192640,바이오바스트 닥터큐어셀,인디브랜드
100275092,바이오셀렉,인디브랜드
100261145,바이위시트렌드,인디브랜드
1000012590,바이허브,인디브랜드
100173323,바프시스,인디브랜드
1000020036,박준,인디브랜드
1000021728,반디,인디브랜드
100000198,반트36.5,인디브랜드
1000011421,방앗간화장품,인디브랜드
1000017193,배드스킨,인디브랜드
100226613,배럴 코스메틱스,인디브랜드
1000021015,백스터오브캘리포니아,인디브랜드
100022249,버블몬스터,인디브랜드
100123918,베니넷,인디브랜드
100044799,베라루띠,인디브랜드
100245762,베르니아 옹글스,인디브랜드
1000009558,베리썸,인디브랜드
1000016386,베쏘네,인디브랜드
100102537,베어블랑,인디브랜드
1000007620,베이지,인디브랜드
100261579,베제사이데알,인디브랜드
100116939,벨,인디브랜드
100302634,벨라루체,인디브랜드
100002660,벨레다,인디브랜드
1000014475,벨비죠,인디브랜드
1000009556,보나쥬르,인디브랜드
100207419,보로탈코,인디브랜드
1000016186,보카스,인디브랜드
100063069,보텍,인디브랜드
1000016643,본비반트,인디브랜드
100080276,본어게인뉴,인디브랜드
100053056,본에어,인디브랜드
100132098,본트리,인디브랜드
1000020822,붐디아다,인디브랜드
100111952,뷔뜨플랑,인디브랜드
100135488,뷰디아니,인디브랜드
100006971,뷰솔,인디브랜드
1000020043,뷰앤뷰,인디브랜드
100232639,뷰이슨,인디브랜드
1000021564,뷰티끄,인디브랜드
1000014759,뷰티레시피,인디브랜드
1000013085,뷰티모리,인디브랜드
1000018346,뷰티베이커리,인디브랜드
100330387,뷰티에어포트,인디브랜드
100049616,뷰티영,인디브랜드
100302952,뷰티인어스,인디브랜드
1000016966,뷰티클로,인디브랜드
100235506,뷰티플러스미,인디브랜드
1000007364,뷰티피플,인디브랜드
100084546,뷰티핏,인디브랜드
100067746,브로앤팁스,인디브랜드
100329952,브로이코스메틱,인디브랜드
100075063,브리아,인디브랜드
1000019825,브리올옴므,인디브랜드
100115528,블랑두,인디브랜드
100074743,블랑블랑,인디브랜드
100007258,블랙루즈,인디브랜드
1000025115,블랙몬스터,인디브랜드
100347850,블랙베리,인디브랜드
100013723,블랙샷,인디브랜드
100235184,블랙웨일,인디브랜드
100225079,블랙홍,인디브랜드
100128492,블러쉬코알라,인디브랜드
100070057,블루트리앤코,인디브랜드
100172457,블룹,인디브랜드
100361111,블리블리,인디브랜드
1000012528,블리쏘마,인디브랜드
1000016788,비랩,인디브랜드
100062820,비레머디스,인디브랜드
100004254,비바,인디브랜드
100235675,비바스,인디브랜드
100208450,비비도,인디브랜드
100004355,비비슈어,인디브랜드
100055320,비비야,인디브랜드
100168123,비스페라,인디브랜드
100039245,비알워터풀,인디브랜드
100357707,비어랩,인디브랜드
1000012000,비엘리츠카스톤솔트,인디브랜드
100136849,비오엠,인디브랜드
100174231,비제이크라맥스,인디브랜드
100175892,비클,인디브랜드
1000017424,빅그린,인디브랜드
100144487,뽀빠파리,인디브랜드
1000012908,쁘띠페,인디브랜드
1000005912,삐아,인디브랜드
100094874,사바비안,인디브랜드
1000021059,사샤후안,인디브랜드
100250773,사이오스,인디브랜드
1000017085,산다화,인디브랜드
100026299,산미니아토알몬테,인디브랜드
1000015345,샤이니페이스,인디브랜드
100174961,샤카트,인디브랜드
100085233,서현주물럭비누,인디브랜드
100213320,선센스,인디브랜드
100187779,선티크,인디브랜드
100223259,설와송,인디브랜드
100000239,성림아크릴,인디브랜드
100060281,세라마인,인디브랜드
1000023915,세라코스,인디브랜드
100119614,세라클리닉,인디브랜드
100000646,세레치피C.H.P,인디브랜드
100121528,세렌디뷰티,인디브랜드
100283251,세브  (saeve),인디브랜드
100170394,세븐틱,인디브랜드
100343276,세잔느,인디브랜드
100285136,세컨디자인,인디브랜드
100176551,세컨라이프스킨,인디브랜드
100189204,세포랩,인디브랜드
1000019394,섹시포뮬라,인디브랜드
1000024761,셀레뷰,인디브랜드
100124704,셀레피덤,인디브랜드
100098111,셀레피트,인디브랜드
100284392,셀로몬,인디브랜드
1000022408,셀리맥스,인디브랜드
100192836,셀리아르럭셔리,인디브랜드
1000014839,셀몽드,인디브랜드
100222135,셀베다,인디브랜드
100379759,셀베리어,인디브랜드
100004912,셀본,인디브랜드
1000024564,셀비엔,인디브랜드
100086474,셀앤비,인디브랜드
100111129,셀큐어,인디브랜드
100191742,셀티플러스,인디브랜드
100150396,셀프뷰티,인디브랜드
100244137,셀피덤,인디브랜드
1000018249,셀피움,인디브랜드
100144070,소그냅,인디브랜드
100163842,소로시,인디브랜드
1000013017,소문,인디브랜드
1000010189,소브나인,인디브랜드
1000018783,소시에떼,인디브랜드
100002621,소이바이오플러스,인디브랜드
100049466,소티스,인디브랜드
1000025579,소희젤뷰팁,인디브랜드
100084644,솔더랩,인디브랜드
100302503,솔테라피,인디브랜드
100011374,수니,인디브랜드
100037851,수마노 (SUMANO),인디브랜드
100111384,수솝,인디브랜드
1000019929,수아담,인디브랜드
100177117,수앤,인디브랜드
100262691,수이사이,인디브랜드
100138563,수퍼리브즈,인디브랜드
100137710,수피요,인디브랜드
100058755,순녹,인디브랜드
100001429,순수연구소,인디브랜드
100123196,순수코스메틱,인디브랜드
100119032,쉭앤칙,인디브랜드
100072970,슈퍼샤이니스킨,인디브랜드
100261584,스니키,인디브랜드
1000014416,스위스퓨어,인디브랜드
100316082,스카이보틀,인디브랜드
100076572,스캐닉,인디브랜드
1000018257,스케다,인디브랜드
1000014838,스케덤,인디브랜드
1000009551,스킨79,인디브랜드
1000015104,스킨네이션,인디브랜드
100323743,스킨덤,인디브랜드
100164640,스킨라벨르,인디브랜드
1000023228,스킨미소,인디브랜드
1000016330,스킨아이,인디브랜드
100279789,스킨아이디어,인디브랜드
1000016880,스킨알엑스랩,인디브랜드
1000014760,스킨앤랩,인디브랜드
100385578,스킨어블,인디브랜드
100001018,스킨에이전트,인디브랜드
100187381,스킨와쳐스,인디브랜드
1000017967,스킨젠,인디브랜드
1000012961,스킨톡,인디브랜드
1000020532,스킨팩토리,인디브랜드
100065895,스킨푸드 뉴질랜드,인디브랜드
100182002,스킨프렌즈,인디브랜드
1000019271,스킨후리,인디브랜드
1000016278,스타일아로마테라피,인디브랜드
100167599,스텔비,인디브랜드
1000011620,스프라임,인디브랜드
100058887,스피큘엑스,인디브랜드
1000019876,시드물,인디브랜드
100117164,시몬말레,인디브랜드
100217149,시어테라오가닉스,인디브랜드
100001110,시에라샤통,인디브랜드
100163634,시오리스,인디브랜드
100062399,시크,인디브랜드
100151319,시크릿덤,인디브랜드
100233112,시크릿볼,인디브랜드
1000018664,시크릿에이지,인디브랜드
1000005996,시크릿키,인디브랜드
100040659,시크릿플랜트,인디브랜드
1000014130,실키아,인디브랜드
100119691,심플리스틱,인디브랜드
100199693,십일홍,인디브랜드
100005194,쎄라덤,인디브랜드
1000007429,쏘내추럴,인디브랜드
1000020009,쏘헤어,인디브랜드
100004218,씨드비,인디브랜드
100120226,씨스터앤,인디브랜드
100030482,씨씨붐,인디브랜드
100140464,씨앤씨코스메틱,인디브랜드
1000022532,씨앤트리,인디브랜드
100185164,씨에프씨랩,인디브랜드
100007001,씨엘라인,인디브랜드
1000015076,씨엘포,인디브랜드
1000008737,씨유스킨,인디브랜드
100199614,씻지마,인디브랜드
100176062,씽크네이처,인디브랜드
100006109,아가씨,인디브랜드
100037966,아그노,인디브랜드
100020663,아꼬제,인디브랜드
100063101,아나시스,인디브랜드
100257633,아던샵,인디브랜드
100100072,아델리오,인디브랜드
1000016140,아도르,인디브랜드
1000013874,아듀에이지,인디브랜드
100109247,아라온,인디브랜드
1000021495,아로마랩,인디브랜드
100200448,아로마린,인디브랜드
100022496,아론,인디브랜드
100174467,아르미유,인디브랜드
100028417,아르시코,인디브랜드
100249672,아르페,인디브랜드
1000012539,아리얼,인디브랜드
100108174,아마존허니,인디브랜드
100221625,아므,인디브랜드
100003525,아미니,인디브랜드
100128057,아미드,인디브랜드
1000015162,아바마트,인디브랜드
1000015485,아베아,인디브랜드
100269181,아벨모,인디브랜드
1000019726,아비브,인디브랜드
100289410,아시리라,인디브랜드
100174154,아우라 아듀라,인디브랜드
100165769,아이깨끗해,인디브랜드
1000014104,아이다코스메틱,인디브랜드
1000016988,아이디비,인디브랜드
1000012818,아이디플라코스메틱,인디브랜드
100217471,아이떼,인디브랜드
100044959,아이릴리프,인디브랜드
1000019159,아이뽀,인디브랜드
100298378,아이솔브,인디브랜드
100020827,아이시화이트,인디브랜드
100031127,아이유닉,인디브랜드
1000009517,아이유속눈썹,인디브랜드
100258513,아이젠버그,인디브랜드
1000024516,아이캔디,인디브랜드
1000006238,아임미미,인디브랜드
1000022407,아임프롬,인디브랜드
100275816,아쿠아시리즈,인디브랜드
100008542,아쿠아쿠,인디브랜드
100221954,아쿠아쿨,인디브랜드
100009098,아쿠아큐링,인디브랜드
1000015069,아쿠탑_서비스종료,인디브랜드
100151491,아타라,인디브랜드
1000012582,아토클래식,인디브랜드
100236760,아토프랜,인디브랜드
100148182,아트델리,인디브랜드
100394091,아틀리에비,인디브랜드
1000018191,아틱,인디브랜드
100119740,아틸라,인디브랜드
1000015333,아페리레,인디브랜드
1000009522,아프리모,인디브랜드
100076924,아하바,인디브랜드
100129361,안나홀츠,인디브랜드
1000010291,안네마리보린,인디브랜드
100154247,안달로우,인디브랜드
100119625,알골로지,인디브랜드
100383471,알렉스,인디브랜드
100044696,알롱,인디브랜드
100012379,알비레오,인디브랜드
100216810,알크메네_서비스종료,인디브랜드
100214074,알티야 오가닉스,인디브랜드
100296379,알피스트,인디브랜드
100099344,암브로시아,인디브랜드
1000019729,앙부땅,인디브랜드
100153515,애스톤네이처,인디브랜드
1000016093,애플린,인디브랜드
1000012638,앤랩,인디브랜드
100237191,앤샤카,인디브랜드
100281335,앤씨디앤코,인디브랜드
100210178,앰플로지,인디브랜드
100098028,앰플엔,인디브랜드
1000014871,야다,인디브랜드
100195641,야오,인디브랜드
1000024550,어니시,인디브랜드
100125202,어도어삼십삼,인디브랜드
100278502,어뮤즈,인디브랜드
100025957,어바웃미,인디브랜드
100185749,어반리브즈,인디브랜드
1000025129,어스로하,인디브랜드
1000012777,얼라이브랩,인디브랜드
1000014643,얼스레시피,인디브랜드
100185250,얼스와이즈,인디브랜드
1000009976,에끌라두플러스,인디브랜드
1000026145,에네스티,인디브랜드
100000284,에데닉,인디브랜드
100034633,에덴디,인디브랜드
100218650,에레스뚜,인디브랜드
1000009783,에르보리앙,인디브랜드
1000016379,에르쯔틴,인디브랜드
1000014480,에바스코스메틱,인디브랜드
100013046,에반옴므,인디브랜드
100163502,에보,인디브랜드
100060386,에브리맨잭,인디브랜드
1000014372,에센허브,인디브랜드
100000164,에스에스뷰티,인디브랜드
1000019489,에스엔,인디브랜드
100001638,에스테메드,인디브랜드
100369610,에스투엔디,인디브랜드
100006703,에스페레,인디브랜드
1000017196,에스페소,인디브랜드
1000024528,에스포미,인디브랜드
1000023813,에쌍씨엘,인디브랜드
1000015113,에쏘띠,인디브랜드
100066708,에이르보,인디브랜드
100048024,에이부,인디브랜드
100327880,에이솔루션,인디브랜드
1000010296,에이썸,인디브랜드
1000020489,에이씨케어,인디브랜드
100162636,에이에이맨,인디브랜드
100035683,에이컨셉,인디브랜드
1000009592,에이트루,인디브랜드
1000021231,에이티폭스,인디브랜드
1000015296,에이프릴스킨,인디브랜드
100129236,에이플로,인디브랜드
100162732,에이플비,인디브랜드
1000019704,에코드포레,인디브랜드
100048695,에코시크릿,인디브랜드
100005156,에프에프,인디브랜드
1000025074,에프엠,인디브랜드
100043191,에피큐렌,인디브랜드
100086811,엑스와이지 포뮬러,인디브랜드
100226083,엔리안,인디브랜드
100266184,엔수스,인디브랜드
100089199,엔젤,인디브랜드
100188387,엔젤스리퀴드,인디브랜드
100152725,엔젤페이스,인디브랜드
100119690,엔조이컬러,인디브랜드
100268251,엘다스,인디브랜드
100186462,엘라밴드,인디브랜드
1000018613,엘로엘,인디브랜드
1000006103,엘리샤코이,인디브랜드
100050716,엘모르,인디브랜드
1000014893,엘에이걸,인디브랜드
100152993,엠씨이,인디브랜드
1000019292,엠에셀,인디브랜드
100067160,엠엔제이라뷰,인디브랜드
100154540,엠유에스티,인디브랜드
100079917,엥뎀,인디브랜드
100013882,여우화장대,인디브랜드
1000012914,영시,인디브랜드
1000023718,예뽀,인디브랜드
100094657,오가나셀,인디브랜드
1000010264,오가니아,인디브랜드
1000017133,오그체,인디브랜드
100057632,오띠,인디브랜드
100221708,오리진티,인디브랜드
100152878,오린비,인디브랜드
100013701,오바코,인디브랜드
100378732,오비도스,인디브랜드
1000018275,오센틱,인디브랜드
100211250,오셰르,인디브랜드
100144722,오스뮴,인디브랜드
100051824,오앤영,인디브랜드
1000014803,오우니끄,인디브랜드
1000019608,오운,인디브랜드
100039083,오즈비엔에이치,인디브랜드
100190200,오플레이트,인디브랜드
100260596,오호라,인디브랜드
100265265,온감테라피,인디브랜드
100233802,온뜨레,인디브랜드
100077298,올가플러스,인디브랜드
100149338,올디엔,인디브랜드
100157045,올리보스,인디브랜드
1000009938,올웨이즈 아이메이,인디브랜드
100181715,와사비네코,인디브랜드
100027108,와이츄,인디브랜드
100207749,와일드펀스,인디브랜드
100001277,왁스키스,인디브랜드
100120288,욥,인디브랜드
100262286,우르오스,인디브랜드
100011542,울트라브이,인디브랜드
100286896,울트라필,인디브랜드
100048574,워블워블,인디브랜드
1000026143,원더페이스,인디브랜드
1000018658,원데이즈유,인디브랜드
1000020736,원오세븐,인디브랜드
100031684,원진셀쎄라,인디브랜드
1000013656,원진이펙트,인디브랜드
1000015112,원페이스,인디브랜드
1000017970,웨이스킨,인디브랜드
1000015216,웨트러스트,인디브랜드
1000015003,웬즈데이,인디브랜드
100030240,웰더마,인디브랜드
1000014780,웰라쥬,인디브랜드
100121661,웻앤와일드,인디브랜드
1000020001,위드미,인디브랜드
100078955,위드웰,인디브랜드
100102584,위시포뮬러,인디브랜드
100143918,위즈영,인디브랜드
1000009560,위치스파우치,인디브랜드
100106411,유노스,인디브랜드
100124421,유니픽쳐,인디브랜드
100006787,유랑,인디브랜드
100093104,유리스킨,인디브랜드
1000019701,유리카,인디브랜드
1000022183,유리피부,인디브랜드
100155540,유앤오일,인디브랜드
100302344,유이라,인디브랜드
100024138,유키,인디브랜드
100187740,유키누,인디브랜드
100341354,율립,인디브랜드
1000026153,이글립스,인디브랜드
100014363,이땅,인디브랜드
100370258,이레프어글리덕,인디브랜드
100141554,이리아고트밀크,인디브랜드
100208636,이뮤랩,인디브랜드
100040087,이바인,인디브랜드
100157331,이스키아,인디브랜드
100085214,이아소,인디브랜드
1000011733,이엔코스,인디브랜드
100077063,이오에브리원,인디브랜드
100038424,이즈립,인디브랜드
100170017,이즈솝,인디브랜드
100184721,이즈해밀,인디브랜드
1000009771,이지듀,인디브랜드
100268740,이지피지,인디브랜드
100107753,이퀄베리,인디브랜드
100197914,이탈왁스,인디브랜드
100049234,인디리,인디브랜드
1000017071,인스바이엔,인디브랜드
100212514,인스턴트타투,인디브랜드
100008551,인코코,인디브랜드
100074004,인터미션,인디브랜드
100003968,인투메디,인디브랜드
100216431,인투스킨,인디브랜드
1000022144,입솜,인디브랜드
100017181,잇템샵,인디브랜드
100104240,잉가,인디브랜드
100352576,잉글롯,인디브랜드
1000020502,잎스네이처,인디브랜드
100128518,자연담은유리병,인디브랜드
1000010817,자연마을,인디브랜드
100000298,자올 닥터스오더,인디브랜드
100196493,자이엘,인디브랜드
1000015886,자트인사이트,인디브랜드
1000019762,잭블랙,인디브랜드
100062437,저메인드카푸치니,인디브랜드
1000007766,정샘물,인디브랜드
100136316,정원가게,인디브랜드
100041811,제니코코,인디브랜드
1000025245,제로비탈,인디브랜드
100156203,제무,인디브랜드
1000018231,제시나인,인디브랜드
1000021001,제이뮤,인디브랜드
100045598,제이스더마,인디브랜드
1000016081,제이스레시피,인디브랜드
100009131,제이에스티나 뷰티,인디브랜드
100373046,제이엠솔루션,인디브랜드
100168876,제이준,인디브랜드
100004303,제이크,인디브랜드
1000019667,제이피아,인디브랜드
1000015144,제주엔,인디브랜드
100270288,제주인디,인디브랜드
1000011548,젠틀마스크,인디브랜드
100084407,젠퓨어,인디브랜드
100027269,젤라또팩토리,인디브랜드
100228260,젤로젤로,인디브랜드
100184745,존스킨,인디브랜드
100034253,주라이프네츄럴,인디브랜드
100066398,주레오,인디브랜드
100083558,쥬르모에,인디브랜드
1000017508,쥰베이,인디브랜드
100028043,쥴레,인디브랜드
100311223,지고트,인디브랜드
100243111,지나인스킨,인디브랜드
100276439,지노베타케어,인디브랜드
100250413,지니더바틀,인디브랜드
1000025230,지니핀,인디브랜드
1000015313,지아자,인디브랜드
1000019426,지오마,인디브랜드
100172139,지젤드롬,인디브랜드
100094908,지핸즈,인디브랜드
100012204,진,인디브랜드
1000012917,진마유,인디브랜드
100112752,차앤비,인디브랜드
100061185,착한팩토리,인디브랜드
100004460,참조은머드,인디브랜드
100095063,찹스,인디브랜드
1000017474,채윤614,인디브랜드
1000011769,천사연구소,인디브랜드
100257332,츄니,인디브랜드
1000019944,츄파춥스뷰티,인디브랜드
100032918,치노시오야,인디브랜드
1000024885,치카이치코,인디브랜드
100106300,카디뷰,인디브랜드
1000025042,카라디움,인디브랜드
100075242,카미안느,인디브랜드
100248388,카베엘라,인디브랜드
1000017236,카오리온,인디브랜드
1000011670,카타리,인디브랜드
1000018680,카트린,인디브랜드
100109539,칵테일샤워,인디브랜드
100009553,캄모멘트리,인디브랜드
1000019596,캐나디안포뮬러,인디브랜드
1000016937,캐럿티카,인디브랜드
100049467,캐롤프랑크,인디브랜드
100001153,캔디랩,인디브랜드
1000009537,캔디오레이디,인디브랜드
1000021077,커먼랩스,인디브랜드
100108211,커버퀸,인디브랜드
100050139,컬러니크,인디브랜드
1000014968,컬러랩,인디브랜드
100098614,코나드,인디브랜드
100361052,코랄리스트,인디브랜드
100006020,코르셀,인디브랜드
100001243,코리아나 위네이지,인디브랜드
1000009777,코링코,인디브랜드
100043467,코쉬,인디브랜드
100228991,코스틱스,인디브랜드
100241087,코스파리,인디브랜드
100001009,코스포유,인디브랜드
100110332,코아코스,인디브랜드
100119196,코엘시아,인디브랜드
100208119,코와,인디브랜드
100100213,코이바나,인디브랜드
100361285,코코랑아토,인디브랜드
100376531,쿠스티에,인디브랜드
1000023836,쿤달,인디브랜드
100352847,큐어31,인디브랜드
100126568,큐어실드,인디브랜드
100266113,크루멜리스,인디브랜드
100161604,크리노미,인디브랜드
1000017948,크리스마,인디브랜드
100103719,크리에이트스킨,인디브랜드
100117832,크림21,인디브랜드
1000018790,클라뷰,인디브랜드
100007614,클래시걸,인디브랜드
100070641,클레르몽,인디브랜드
1000009775,클레어스,인디브랜드
100086560,클레오시스,인디브랜드
100201617,클리베라,인디브랜드
100070044,클립하우스,인디브랜드
100188982,키보,인디브랜드
100009717,키셔,인디브랜드
100053285,키스뉴욕,인디브랜드
100228953,키스필,인디브랜드
1000010367,키아라암브라,인디브랜드
1000013647,키오나,인디브랜드
100222446,키치스,인디브랜드
100016836,키토코,인디브랜드
1000011534,키핀터치,인디브랜드
100036597,킵 쿨,인디브랜드
100000966,타임인네이처,인디브랜드
100083937,타임트리,인디브랜드
1000017766,탈렌트화장품,인디브랜드
100225875,탈스,인디브랜드
100006755,태현테라피,인디브랜드
1000023231,탱글엔젤,인디브랜드
1000009571,탱탱레이디,인디브랜드
1000009104,터치인솔,인디브랜드
100151309,테이크어필,인디브랜드
100137085,토리든,인디브랜드
1000011344,토소웅,인디브랜드
100145033,토아스,인디브랜드
100203666,토탈에이씨,인디브랜드
1000025857,토픽,인디브랜드
100262587,토핑젤,인디브랜드
100241045,투피쉬,인디브랜드
100363020,트렌드바이미,인디브랜드
100073036,트로이아르케,인디브랜드
100198040,트로피칼뷰티,인디브랜드
1000023225,트룰리랩,인디브랜드
100117650,트리트룸,인디브랜드
100229971,티메이드,인디브랜드
100121638,티비코스메틱,인디브랜드
100015830,티암,인디브랜드
100030046,티에스더블유,인디브랜드
100116144,티타니아,인디브랜드
100203575,티피,인디브랜드
100260739,틴츄,인디브랜드
1000017907,파머메이커,인디브랜드
100249097,파모나,인디브랜드
1000020015,파뮤,인디브랜드
100337099,파시스,인디브랜드
100001492,파에온,인디브랜드
1000025186,파이브백,인디브랜드
1000023728,파이스해빗,인디브랜드
100248998,파이콜로지,인디브랜드
1000013684,파파레서피,인디브랜드
100050982,파파야트리,인디브랜드
100030200,판타스킨,인디브랜드
1000009807,팜메디코,인디브랜드
100121282,팜스킨,인디브랜드
1000020480,패션캣,인디브랜드
100016561,퍼펙트스킨,인디브랜드
1000025413,퍼퓸해시태그,인디브랜드
100363210,페네그린,인디브랜드
1000025842,페디슨,인디브랜드
100002757,페리샤,인디브랜드
100004399,페미라이드,인디브랜드
1000022673,페슬로,인디브랜드
1000005928,페이스인페이스,인디브랜드
100337904,페이스팩토리,인디브랜드
100098097,페이스푸딩,인디브랜드
1000017936,펩,인디브랜드
1000020791,편강율,인디브랜드
100174237,포고니아,인디브랜드
1000021387,포니이펙트,인디브랜드
1000013607,포렌코즈,인디브랜드
100075834,포미포미,인디브랜드
100000990,포블랑시,인디브랜드
100154396,포엘리에,인디브랜드
100275126,포잇,인디브랜드
100002808,포틴플로어,인디브랜드
100119671,포피네,인디브랜드
100113334,포피엠테라피,인디브랜드
1000014623,폭남코스메틱스,인디브랜드
1000006093,폴라초이스,인디브랜드
100139757,폴메디슨,인디브랜드
100102653,폴미첼,인디브랜드
100041035,폴텐파마,인디브랜드
1000014154,푸로루나,인디브랜드
100233812,퓨어러스,인디브랜드
100153169,퓨어레비,인디브랜드
100043838,퓨어에즈피오르,인디브랜드
100152277,퓨어파파야케어,인디브랜드
1000025794,퓰랙,인디브랜드
1000015262,프라우니스,인디브랜드
100128929,프라이웰,인디브랜드
100099230,프라임타임,인디브랜드
100017827,프럼네이처,인디브랜드
100007594,프레티,인디브랜드
1000014414,프로막실,인디브랜드
100039962,프로에잇청담,인디브랜드
100020272,프로포뮬라,인디브랜드
1000009445,프룻오브디얼스,인디브랜드
100003084,프리맨,인디브랜드
1000023580,프리비아,인디브랜드
100138472,프리비아스킨,인디브랜드
1000009593,플라리아,인디브랜드
100115727,플라베네,인디브랜드
100044135,플로르,인디브랜드
1000024132,플로르마,인디브랜드
100227542,플로바리스,인디브랜드
100306693,플로베,인디브랜드
1000011545,피스,인디브랜드
1000019143,피아플로스,인디브랜드
100050270,피알피엘,인디브랜드
100182950,피에이치드롭,인디브랜드
100080840,피치베리,인디브랜드
1000006966,피카소,인디브랜드
100267507,피키스킨,인디브랜드
100235157,피토릴렉스,인디브랜드
100053352,픽트,인디브랜드
100252988,필링빈,인디브랜드
100308036,하나쭌,인디브랜드
100164230,하늘호수,인디브랜드
100231111,하람비,인디브랜드
1000017977,하얀연탄,인디브랜드
1000020995,하우,인디브랜드
100282931,하우두유둘,인디브랜드
100108920,하프 문 아이즈,인디브랜드
100225899,하프아티스트,인디브랜드
100019528,한스오가닉,인디브랜드
1000011732,한스킨,인디브랜드
1000009561,한조,인디브랜드
100098675,핵틱,인디브랜드
100274919,향샘,인디브랜드
100177104,허니잭슨,인디브랜드
100136077,허니트랩,인디브랜드
100081577,허벌페이스푸드,인디브랜드
100082955,헉슬리,인디브랜드
1000017759,헤드랑,인디브랜드
1000024497,헤어단비,인디브랜드
100017933,헤이!두여자,인디브랜드
1000024965,헤이미쉬,인디브랜드
1000014600,헬렌박,인디브랜드
1000024966,헬로키티,인디브랜드
100154197,호메이,인디브랜드
100228616,호사,인디브랜드
1000024781,호프스릴리프,인디브랜드
1000023719,호피걸,인디브랜드
1000017398,혼쇼,인디브랜드
1000025886,홀리머스,인디브랜드
100298113,화이트리 비움,인디브랜드
100044235,황후연,인디브랜드
1000017974,후레쉬주스,인디브랜드
100271339,후르디아,인디브랜드
100170245,후즈후,인디브랜드
100245734,휘게,인디브랜드
100224748,휴족시간,인디브랜드
100209514,히스테모,인디브랜드
1000019806,히즈클린,인디브랜드
100100287,힐시드,인디브랜드
1000012622,A24,인디브랜드
100198813,AMH,인디브랜드
1000017126,B.LAB,인디브랜드
1000010845,BARON,인디브랜드
100067957,CHI,인디브랜드
1000017015,co-mas,인디브랜드
1000015142,DCS,인디브랜드
100143910,DHI,인디브랜드
100128922,DLA,인디브랜드
100019873,DMCK,인디브랜드
100296687,GROO,인디브랜드
100256925,iBrea,인디브랜드
100269956,jeanpaul,인디브랜드
100221823,LAEL,인디브랜드
1000005929,LAPCOS,인디브랜드
100055622,LG 프라엘,인디브랜드
1000009576,MCC,인디브랜드
100123070,MUA,인디브랜드
100056557,NEW9,인디브랜드
100212883,NTMT,인디브랜드
100258002,OSMO,인디브랜드
100075030,P1P,인디브랜드
100231174,PW솔루션,인디브랜드
100018364,SRB,인디브랜드
1000021044,SRB_서비스종료,인디브랜드
100263286,Silkia,인디브랜드
1000026138,skin1004,인디브랜드
100122373,VVD,인디브랜드
100063006,W.피부연구소,인디브랜드
1000025552,W7,인디브랜드
100084702,WASO,인디브랜드
100114111,XOY,인디브랜드
100246405,YERMA,인디브랜드
100278307,"young,me cosmetics",인디브랜드
100045018,23years old,인디브랜드
1000005833,3CE,인디브랜드
1000015214,7HARA,인디브랜드
1000025864,87발렌타인,인디브랜드
